No.,Tree,Inoculation,Sample,Replicate,pseudorep,colonies,dilution,cfu/ml,cfu_ml_scientific,log_cfu_ml,time
1,1,a,PBS,1,1,0,,0,0,0,T1
1,1,a,PBS,1,2,0,,0,0,0,T1
1,1,a,PBS,1,3,0,,0,0,0,T1
2,1,b,PBS,1,1,0,,0,0,0,T1
2,1,b,PBS,1,2,0,,0,0,0,T1
2,1,b,PBS,1,3,0,,0,0,0,T1
3,1,c,PBS,1,1,0,,0,0,0,T1
3,1,c,PBS,1,2,0,,0,0,0,T1
3,1,c,PBS,1,3,0,,0,0,0,T1
4,1,d,PBS,1,1,0,,0,0,0,T1
4,1,d,PBS,1,2,0,,0,0,0,T1
4,1,d,PBS,1,3,0,,0,0,0,T1
5,2,a,W15.13_WT,1,1,2,3,666666.6667,666666.6667,5.823909392,T1
5,2,a,W15.13_WT,1,2,4,3,1333333.333,1333333.333,6.124939062,T1
5,2,a,W15.13_WT,1,3,3,3,1000000,1000000,6.000000434,T1
6,2,b,W15.13_WT,1,1,1,3,333333.3333,333333.3333,5.522880048,T1
6,2,b,W15.13_WT,1,2,4,3,1333333.333,1333333.333,6.124939062,T1
6,2,b,W15.13_WT,1,3,1,3,333333.3333,333333.3333,5.522880048,T1
7,2,c,W15.13_WT,1,1,1,3,333333.3333,333333.3333,5.522880048,T1
7,2,c,W15.13_WT,1,2,2,3,666666.6667,666666.6667,5.823909392,T1
7,2,c,W15.13_WT,1,3,1,3,333333.3333,333333.3333,5.522880048,T1
8,2,d,W15.13_WT,1,1,2,4,6666666.667,6666666.667,6.823908806,T1
8,2,d,W15.13_WT,1,2,2,3,666666.6667,666666.6667,5.823909392,T1
8,2,d,W15.13_WT,1,3,1,4,3333333.333,3333333.333,6.522878876,T1
9,3,a,W16.3_GacA?,1,1,4,3,1333333.333,1333333.333,6.124939062,T1
9,3,a,W16.3_GacA?,1,2,4,3,1333333.333,1333333.333,6.124939062,T1
9,3,a,W16.3_GacA?,1,3,5,3,1666666.667,1666666.667,6.22184901,T1
10,3,b,W16.3_GacA?,1,1,4,3,1333333.333,1333333.333,6.124939062,T1
10,3,b,W16.3_GacA?,1,2,7,3,2333333.333,2333333.333,6.367976971,T1
10,3,b,W16.3_GacA?,1,3,5,3,1666666.667,1666666.667,6.22184901,T1
11,3,c,W16.3_GacA?,1,1,5,3,1666666.667,1666666.667,6.22184901,T1
11,3,c,W16.3_GacA?,1,2,3,3,1000000,1000000,6.000000434,T1
11,3,c,W16.3_GacA?,1,3,4,3,1333333.333,1333333.333,6.124939062,T1
12,3,d,W16.3_GacA?,1,1,1,3,333333.3333,333333.3333,5.522880048,T1
12,3,d,W16.3_GacA?,1,2,4,3,1333333.333,1333333.333,6.124939062,T1
12,3,d,W16.3_GacA?,1,3,2,3,666666.6667,666666.6667,5.823909392,T1
13,4,a,W16.3_GacS?,1,1,6,3,2000000,2000000,6.301030213,T1
13,4,a,W16.3_GacS?,1,2,7,3,2333333.333,2333333.333,6.367976971,T1
13,4,a,W16.3_GacS?,1,3,5,3,1666666.667,1666666.667,6.22184901,T1
14,4,b,W16.3_GacS?,1,1,3,3,1000000,1000000,6.000000434,T1
14,4,b,W16.3_GacS?,1,2,6,3,2000000,2000000,6.301030213,T1
14,4,b,W16.3_GacS?,1,3,3,3,1000000,1000000,6.000000434,T1
15,4,c,W16.3_GacS?,1,1,2,4,6666666.667,6666666.667,6.823908806,T1
15,4,c,W16.3_GacS?,1,2,3,4,10000000,10000000,7.000000043,T1
15,4,c,W16.3_GacS?,1,3,3,4,10000000,10000000,7.000000043,T1
16,4,d,W16.3_GacS?,1,1,6,3,2000000,2000000,6.301030213,T1
16,4,d,W16.3_GacS?,1,2,7,3,2333333.333,2333333.333,6.367976971,T1
16,4,d,W16.3_GacS?,1,3,6,3,2000000,2000000,6.301030213,T1
17,5,a,W16.3_WT,1,1,3,2,100000,100000,5.000004343,T1
17,5,a,W16.3_WT,1,2,4,2,133333.3333,133333.3333,5.124941994,T1
17,5,a,W16.3_WT,1,3,5,2,166666.6667,166666.6667,5.221851355,T1
18,5,b,W16.3_WT,1,1,2,4,6666666.667,6666666.667,6.823908806,T1
18,5,b,W16.3_WT,1,2,1,4,3333333.333,3333333.333,6.522878876,T1
18,5,b,W16.3_WT,1,3,3,4,10000000,10000000,7.000000043,T1
19,5,c,W16.3_WT,1,1,5,5,166666666.7,166666666.7,8.221848752,T1
19,5,c,W16.3_WT,1,2,2,5,66666666.67,66666666.67,7.823908747,T1
19,5,c,W16.3_WT,1,3,1,5,33333333.33,33333333.33,7.522878758,T1
20,5,d,W16.3_WT,1,1,2,4,6666666.667,6666666.667,6.823908806,T1
20,5,d,W16.3_WT,1,2,4,4,13333333.33,13333333.33,7.124938769,T1
20,5,d,W16.3_WT,1,3,1,4,3333333.333,3333333.333,6.522878876,T1
21,6,a,W23.13_WT,1,1,2,4,6666666.667,6666666.667,6.823908806,T1
21,6,a,W23.13_WT,1,2,3,4,10000000,10000000,7.000000043,T1
21,6,a,W23.13_WT,1,3,2,4,6666666.667,6666666.667,6.823908806,T1
22,6,b,W23.13_WT,1,1,4,3,1333333.333,1333333.333,6.124939062,T1
22,6,b,W23.13_WT,1,2,1,4,3333333.333,3333333.333,6.522878876,T1
22,6,b,W23.13_WT,1,3,3,4,10000000,10000000,7.000000043,T1
23,6,c,W23.13_WT,1,1,19,3,6333333.333,6333333.333,6.801632415,T1
23,6,c,W23.13_WT,1,2,2,4,6666666.667,6666666.667,6.823908806,T1
23,6,c,W23.13_WT,1,3,3,4,10000000,10000000,7.000000043,T1
24,6,d,W23.13_WT,1,1,1,4,3333333.333,3333333.333,6.522878876,T1
24,6,d,W23.13_WT,1,2,4,4,13333333.33,13333333.33,7.124938769,T1
24,6,d,W23.13_WT,1,3,1,4,3333333.333,3333333.333,6.522878876,T1
25,7,a,WT:GacA_1:2,1,1,2,6,666666666.7,666666666.7,8.823908742,T1
25,7,a,WT:GacA_1:2,1,2,5,5,166666666.7,166666666.7,8.221848752,T1
25,7,a,WT:GacA_1:2,1,3,2,5,66666666.67,66666666.67,7.823908747,T1
26,7,b,WT:GacA_1:2,1,1,1,5,33333333.33,33333333.33,7.522878758,T1
26,7,b,WT:GacA_1:2,1,2,1,5,33333333.33,33333333.33,7.522878758,T1
26,7,b,WT:GacA_1:2,1,3,3,4,10000000,10000000,7.000000043,T1
27,7,c,WT:GacA_1:2,1,1,1,5,33333333.33,33333333.33,7.522878758,T1
27,7,c,WT:GacA_1:2,1,2,2,5,66666666.67,66666666.67,7.823908747,T1
27,7,c,WT:GacA_1:2,1,3,1,5,33333333.33,33333333.33,7.522878758,T1
28,7,d,WT:GacA_1:2,1,1,6,4,20000000,20000000,7.301030017,T1
28,7,d,WT:GacA_1:2,1,2,4,4,13333333.33,13333333.33,7.124938769,T1
28,7,d,WT:GacA_1:2,1,3,5,4,16666666.67,16666666.67,7.221848776,T1
29,8,a,WT:GacA_2:1,1,1,1,6,333333333.3,333333333.3,8.522878747,T1
29,8,a,WT:GacA_2:1,1,2,2,6,666666666.7,666666666.7,8.823908742,T1
29,8,a,WT:GacA_2:1,1,3,1,6,333333333.3,333333333.3,8.522878747,T1
30,8,b,WT:GacA_2:1,1,1,1,5,33333333.33,33333333.33,7.522878758,T1
30,8,b,WT:GacA_2:1,1,2,1,5,33333333.33,33333333.33,7.522878758,T1
30,8,b,WT:GacA_2:1,1,3,1,4,3333333.333,3333333.333,6.522878876,T1
31,8,c,WT:GacA_2:1,1,1,2,5,66666666.67,66666666.67,7.823908747,T1
31,8,c,WT:GacA_2:1,1,2,2,5,66666666.67,66666666.67,7.823908747,T1
31,8,c,WT:GacA_2:1,1,3,1,5,33333333.33,33333333.33,7.522878758,T1
32,8,d,WT:GacA_2:1,1,1,2,5,66666666.67,66666666.67,7.823908747,T1
32,8,d,WT:GacA_2:1,1,2,2,5,66666666.67,66666666.67,7.823908747,T1
32,8,d,WT:GacA_2:1,1,3,2,5,66666666.67,66666666.67,7.823908747,T1
33,9,a,PBS,2,1,0,,0,0,0,T1
33,9,a,PBS,2,2,0,,0,0,0,T1
33,9,a,PBS,2,3,0,,0,0,0,T1
34,9,b,PBS,2,1,0,,0,0,0,T1
34,9,b,PBS,2,2,0,,0,0,0,T1
34,9,b,PBS,2,3,0,,0,0,0,T1
35,9,c,PBS,2,1,0,,0,0,0,T1
35,9,c,PBS,2,2,0,,0,0,0,T1
35,9,c,PBS,2,3,0,,0,0,0,T1
36,9,d,PBS,2,1,0,,0,0,0,T1
36,9,d,PBS,2,2,0,,0,0,0,T1
36,9,d,PBS,2,3,0,,0,0,0,T1
37,10,a,W15.13_WT,2,1,3,4,10000000,10000000,7.000000043,T1
37,10,a,W15.13_WT,2,2,2,4,6666666.667,6666666.667,6.823908806,T1
37,10,a,W15.13_WT,2,3,4,4,13333333.33,13333333.33,7.124938769,T1
38,10,b,W15.13_WT,2,1,3,4,10000000,10000000,7.000000043,T1
38,10,b,W15.13_WT,2,2,10,4,33333333.33,33333333.33,7.522878758,T1
38,10,b,W15.13_WT,2,3,4,4,13333333.33,13333333.33,7.124938769,T1
39,10,c,W15.13_WT,2,1,1,4,3333333.333,3333333.333,6.522878876,T1
39,10,c,W15.13_WT,2,2,2,4,6666666.667,6666666.667,6.823908806,T1
39,10,c,W15.13_WT,2,3,2,4,6666666.667,6666666.667,6.823908806,T1
40,10,d,W15.13_WT,2,1,6,4,20000000,20000000,7.301030017,T1
40,10,d,W15.13_WT,2,2,5,4,16666666.67,16666666.67,7.221848776,T1
40,10,d,W15.13_WT,2,3,2,4,6666666.667,6666666.667,6.823908806,T1
41,11,a,W16.3_GacA?,2,1,1,2,33333.33333,33333.33333,4.522891774,T1
41,11,a,W16.3_GacA?,2,2,2,2,66666.66667,66666.66667,4.823915255,T1
41,11,a,W16.3_GacA?,2,3,3,2,100000,100000,5.000004343,T1
42,11,b,W16.3_GacA?,2,1,1,2,33333.33333,33333.33333,4.522891774,T1
42,11,b,W16.3_GacA?,2,2,1,2,33333.33333,33333.33333,4.522891774,T1
42,11,b,W16.3_GacA?,2,3,8,1,26666.66667,26666.66667,4.425985018,T1
43,11,c,W16.3_GacA?,2,1,20,1,66666.66667,66666.66667,4.823915255,T1
43,11,c,W16.3_GacA?,2,2,12,1,40000,40000,4.602070849,T1
43,11,c,W16.3_GacA?,2,3,15,1,50000,50000,4.69897869,T1
44,11,d,W16.3_GacA?,2,1,2,2,66666.66667,66666.66667,4.823915255,T1
44,11,d,W16.3_GacA?,2,2,5,2,166666.6667,166666.6667,5.221851355,T1
44,11,d,W16.3_GacA?,2,3,7,2,233333.3333,233333.3333,5.367978647,T1
45,12,a,W16.3_GacS?,2,1,3,2,100000,100000,5.000004343,T1
45,12,a,W16.3_GacS?,2,2,4,2,133333.3333,133333.3333,5.124941994,T1
45,12,a,W16.3_GacS?,2,3,7,2,233333.3333,233333.3333,5.367978647,T1
46,12,b,W16.3_GacS?,2,1,5,3,1666666.667,1666666.667,6.22184901,T1
46,12,b,W16.3_GacS?,2,2,6,3,2000000,2000000,6.301030213,T1
46,12,b,W16.3_GacS?,2,3,8,3,2666666.667,2666666.667,6.425968895,T1
47,12,c,W16.3_GacS?,2,1,3,2,100000,100000,5.000004343,T1
47,12,c,W16.3_GacS?,2,2,2,2,66666.66667,66666.66667,4.823915255,T1
47,12,c,W16.3_GacS?,2,3,5,2,166666.6667,166666.6667,5.221851355,T1
48,12,d,W16.3_GacS?,2,1,2,2,66666.66667,66666.66667,4.823915255,T1
48,12,d,W16.3_GacS?,2,2,7,2,233333.3333,233333.3333,5.367978647,T1
48,12,d,W16.3_GacS?,2,3,4,2,133333.3333,133333.3333,5.124941994,T1
49,13,a,W16.3_WT,2,1,2,3,666666.6667,666666.6667,5.823909392,T1
49,13,a,W16.3_WT,2,2,1,3,333333.3333,333333.3333,5.522880048,T1
49,13,a,W16.3_WT,2,3,1,3,333333.3333,333333.3333,5.522880048,T1
50,13,b,W16.3_WT,2,1,6,2,200000,200000,5.301032167,T1
50,13,b,W16.3_WT,2,2,7,2,233333.3333,233333.3333,5.367978647,T1
50,13,b,W16.3_WT,2,3,1,3,333333.3333,333333.3333,5.522880048,T1
51,13,c,W16.3_WT,2,1,2,3,666666.6667,666666.6667,5.823909392,T1
51,13,c,W16.3_WT,2,2,1,3,333333.3333,333333.3333,5.522880048,T1
51,13,c,W16.3_WT,2,3,1,3,333333.3333,333333.3333,5.522880048,T1
52,13,d,W16.3_WT,2,1,0,,na,na,na,T1
52,13,d,W16.3_WT,2,2,0,,na,na,na,T1
52,13,d,W16.3_WT,2,3,0,,na,na,na,T1
53,14,a,W23.13_WT,2,1,2,4,6666666.667,6666666.667,6.823908806,T1
53,14,a,W23.13_WT,2,2,4,4,13333333.33,13333333.33,7.124938769,T1
53,14,a,W23.13_WT,2,3,2,4,6666666.667,6666666.667,6.823908806,T1
54,14,b,W23.13_WT,2,1,2,3,666666.6667,666666.6667,5.823909392,T1
54,14,b,W23.13_WT,2,2,1,3,333333.3333,333333.3333,5.522880048,T1
54,14,b,W23.13_WT,2,3,1,3,333333.3333,333333.3333,5.522880048,T1
55,14,c,W23.13_WT,2,1,2,3,666666.6667,666666.6667,5.823909392,T1
55,14,c,W23.13_WT,2,2,4,3,1333333.333,1333333.333,6.124939062,T1
55,14,c,W23.13_WT,2,3,4,3,1333333.333,1333333.333,6.124939062,T1
56,14,d,W23.13_WT,2,1,3,4,10000000,10000000,7.000000043,T1
56,14,d,W23.13_WT,2,2,2,4,6666666.667,6666666.667,6.823908806,T1
56,14,d,W23.13_WT,2,3,2,4,6666666.667,6666666.667,6.823908806,T1
57,15,a,WT:GacA_1:2,2,1,8,2,266666.6667,266666.6667,5.425970361,T1
57,15,a,WT:GacA_1:2,2,2,10,2,333333.3333,333333.3333,5.522880048,T1
57,15,a,WT:GacA_1:2,2,3,9,2,300000,300000,5.477122702,T1
58,15,b,WT:GacA_1:2,2,1,1,4,3333333.333,3333333.333,6.522878876,T1
58,15,b,WT:GacA_1:2,2,2,1,4,3333333.333,3333333.333,6.522878876,T1
58,15,b,WT:GacA_1:2,2,3,3,4,10000000,10000000,7.000000043,T1
59,15,c,WT:GacA_1:2,2,1,4,3,1333333.333,1333333.333,6.124939062,T1
59,15,c,WT:GacA_1:2,2,2,4,3,1333333.333,1333333.333,6.124939062,T1
59,15,c,WT:GacA_1:2,2,3,9,3,3000000,3000000,6.477121399,T1
60,15,d,WT:GacA_1:2,2,1,6,3,2000000,2000000,6.301030213,T1
60,15,d,WT:GacA_1:2,2,2,6,3,2000000,2000000,6.301030213,T1
60,15,d,WT:GacA_1:2,2,3,6,3,2000000,2000000,6.301030213,T1
61,16,a,WT:GacA_2:1,2,1,1,6,333333333.3,333333333.3,8.522878747,T1
61,16,a,WT:GacA_2:1,2,2,2,6,666666666.7,666666666.7,8.823908742,T1
61,16,a,WT:GacA_2:1,2,3,3,6,1000000000,1000000000,9,T1
62,16,b,WT:GacA_2:1,2,1,2,4,6666666.667,6666666.667,6.823908806,T1
62,16,b,WT:GacA_2:1,2,2,3,4,10000000,10000000,7.000000043,T1
62,16,b,WT:GacA_2:1,2,3,3,3,1000000,1000000,6.000000434,T1
63,16,c,WT:GacA_2:1,2,1,1,5,33333333.33,33333333.33,7.522878758,T1
63,16,c,WT:GacA_2:1,2,2,5,4,16666666.67,16666666.67,7.221848776,T1
63,16,c,WT:GacA_2:1,2,3,2,5,66666666.67,66666666.67,7.823908747,T1
64,16,d,WT:GacA_2:1,2,1,1,5,33333333.33,33333333.33,7.522878758,T1
64,16,d,WT:GacA_2:1,2,2,1,5,33333333.33,33333333.33,7.522878758,T1
64,16,d,WT:GacA_2:1,2,3,1,5,33333333.33,33333333.33,7.522878758,T1
65,17,a,PBS,3,1,0,,0,0,0,T1
65,17,a,PBS,3,2,0,,0,0,0,T1
65,17,a,PBS,3,3,0,,0,0,0,T1
66,17,b,PBS,3,1,0,,0,0,0,T1
66,17,b,PBS,3,2,0,,0,0,0,T1
66,17,b,PBS,3,3,0,,0,0,0,T1
67,17,c,PBS,3,1,0,,0,0,0,T1
67,17,c,PBS,3,2,0,,0,0,0,T1
67,17,c,PBS,3,3,0,,0,0,0,T1
68,17,d,PBS,3,1,0,,0,0,0,T1
68,17,d,PBS,3,2,0,,0,0,0,T1
68,17,d,PBS,3,3,0,,0,0,0,T1
69,18,a,W15.13_WT,3,1,3,4,10000000,10000000,7.000000043,T1
69,18,a,W15.13_WT,3,2,4,4,13333333.33,13333333.33,7.124938769,T1
69,18,a,W15.13_WT,3,3,3,4,10000000,10000000,7.000000043,T1
70,18,b,W15.13_WT,3,1,3,4,10000000,10000000,7.000000043,T1
70,18,b,W15.13_WT,3,2,4,4,13333333.33,13333333.33,7.124938769,T1
70,18,b,W15.13_WT,3,3,3,4,10000000,10000000,7.000000043,T1
71,18,c,W15.13_WT,3,1,8,4,26666666.67,26666666.67,7.425968749,T1
71,18,c,W15.13_WT,3,2,7,4,23333333.33,23333333.33,7.367976804,T1
71,18,c,W15.13_WT,3,3,6,4,20000000,20000000,7.301030017,T1
72,18,d,W15.13_WT,3,1,4,4,13333333.33,13333333.33,7.124938769,T1
72,18,d,W15.13_WT,3,2,4,4,13333333.33,13333333.33,7.124938769,T1
72,18,d,W15.13_WT,3,3,4,4,13333333.33,13333333.33,7.124938769,T1
73,19,a,W16.3_GacA?,3,1,4,2,133333.3333,133333.3333,5.124941994,T1
73,19,a,W16.3_GacA?,3,2,6,2,200000,200000,5.301032167,T1
73,19,a,W16.3_GacA?,3,3,8,2,266666.6667,266666.6667,5.425970361,T1
74,19,b,W16.3_GacA?,3,1,7,2,233333.3333,233333.3333,5.367978647,T1
74,19,b,W16.3_GacA?,3,2,5,2,166666.6667,166666.6667,5.221851355,T1
74,19,b,W16.3_GacA?,3,3,4,2,133333.3333,133333.3333,5.124941994,T1
75,19,c,W16.3_GacA?,3,1,2,4,6666666.667,6666666.667,6.823908806,T1
75,19,c,W16.3_GacA?,3,2,4,3,1333333.333,1333333.333,6.124939062,T1
75,19,c,W16.3_GacA?,3,3,5,3,1666666.667,1666666.667,6.22184901,T1
76,19,d,W16.3_GacA?,3,1,3,2,100000,100000,5.000004343,T1
76,19,d,W16.3_GacA?,3,2,3,2,100000,100000,5.000004343,T1
76,19,d,W16.3_GacA?,3,3,3,2,100000,100000,5.000004343,T1
77,20,a,W16.3_GacS?,3,1,1,3,333333.3333,333333.3333,5.522880048,T1
77,20,a,W16.3_GacS?,3,2,1,3,333333.3333,333333.3333,5.522880048,T1
77,20,a,W16.3_GacS?,3,3,1,3,333333.3333,333333.3333,5.522880048,T1
78,20,b,W16.3_GacS?,3,1,1,3,333333.3333,333333.3333,5.522880048,T1
78,20,b,W16.3_GacS?,3,2,1,3,333333.3333,333333.3333,5.522880048,T1
78,20,b,W16.3_GacS?,3,3,1,3,333333.3333,333333.3333,5.522880048,T1
79,20,c,W16.3_GacS?,3,1,3,1,10000,10000,4.000043427,T1
79,20,c,W16.3_GacS?,3,2,5,2,166666.6667,166666.6667,5.221851355,T1
79,20,c,W16.3_GacS?,3,3,5,2,166666.6667,166666.6667,5.221851355,T1
80,20,d,W16.3_GacS?,3,1,C,,na,na,na,T1
80,20,d,W16.3_GacS?,3,2,C,,na,na,na,T1
80,20,d,W16.3_GacS?,3,3,C,,na,na,na,T1
81,21,a,W16.3_WT,3,1,1,4,na,na,na,T1
81,21,a,W16.3_WT,3,2,1,4,3333333.333,3333333.333,6.522878876,T1
81,21,a,W16.3_WT,3,3,7,3,2333333.333,2333333.333,6.367976971,T1
82,21,b,W16.3_WT,3,1,3,3,1000000,1000000,6.000000434,T1
82,21,b,W16.3_WT,3,2,1,4,3333333.333,3333333.333,6.522878876,T1
82,21,b,W16.3_WT,3,3,2,4,6666666.667,6666666.667,6.823908806,T1
83,21,c,W16.3_WT,3,1,2,4,6666666.667,6666666.667,6.823908806,T1
83,21,c,W16.3_WT,3,2,1,4,3333333.333,3333333.333,6.522878876,T1
83,21,c,W16.3_WT,3,3,2,4,6666666.667,6666666.667,6.823908806,T1
84,21,d,W16.3_WT,3,1,4,3,1333333.333,1333333.333,6.124939062,T1
84,21,d,W16.3_WT,3,2,1,4,3333333.333,3333333.333,6.522878876,T1
84,21,d,W16.3_WT,3,3,2,4,6666666.667,6666666.667,6.823908806,T1
85,22,a,W23.13_WT,3,1,1,2,33333.33333,33333.33333,4.522891774,T1
85,22,a,W23.13_WT,3,2,2,2,66666.66667,66666.66667,4.823915255,T1
85,22,a,W23.13_WT,3,3,1,2,33333.33333,33333.33333,4.522891774,T1
86,22,b,W23.13_WT,3,1,,,na,na,na,T1
86,22,b,W23.13_WT,3,2,,,na,na,na,T1
86,22,b,W23.13_WT,3,3,,,na,na,na,T1
87,22,c,W23.13_WT,3,1,2,4,6666666.667,6666666.667,6.823908806,T1
87,22,c,W23.13_WT,3,2,5,4,16666666.67,16666666.67,7.221848776,T1
87,22,c,W23.13_WT,3,3,2,4,6666666.667,6666666.667,6.823908806,T1
88,22,d,W23.13_WT,3,1,,,na,na,na,T1
88,22,d,W23.13_WT,3,2,,,na,na,na,T1
88,22,d,W23.13_WT,3,3,1,4,3333333.333,3333333.333,6.522878876,T1
89,23,a,WT:GacA_1:2,3,1,7,3,2333333.333,2333333.333,6.367976971,T1
89,23,a,WT:GacA_1:2,3,2,1,4,3333333.333,3333333.333,6.522878876,T1
89,23,a,WT:GacA_1:2,3,3,2,4,6666666.667,6666666.667,6.823908806,T1
90,23,b,WT:GacA_1:2,3,1,4,3,1333333.333,1333333.333,6.124939062,T1
90,23,b,WT:GacA_1:2,3,2,1,4,3333333.333,3333333.333,6.522878876,T1
90,23,b,WT:GacA_1:2,3,3,2,4,6666666.667,6666666.667,6.823908806,T1
91,23,c,WT:GacA_1:2,3,1,2,4,6666666.667,6666666.667,6.823908806,T1
91,23,c,WT:GacA_1:2,3,2,3,4,10000000,10000000,7.000000043,T1
91,23,c,WT:GacA_1:2,3,3,3,4,10000000,10000000,7.000000043,T1
92,23,d,WT:GacA_1:2,3,1,3,3,1000000,1000000,6.000000434,T1
92,23,d,WT:GacA_1:2,3,2,3,3,1000000,1000000,6.000000434,T1
92,23,d,WT:GacA_1:2,3,3,4,3,1333333.333,1333333.333,6.124939062,T1
93,24,a,WT:GacA_2:1,3,1,1,3,333333.3333,333333.3333,5.522880048,T1
93,24,a,WT:GacA_2:1,3,2,4,2,133333.3333,133333.3333,5.124941994,T1
93,24,a,WT:GacA_2:1,3,3,2,3,666666.6667,666666.6667,5.823909392,T1
94,24,b,WT:GacA_2:1,3,1,2,4,6666666.667,6666666.667,6.823908806,T1
94,24,b,WT:GacA_2:1,3,2,2,3,666666.6667,666666.6667,5.823909392,T1
94,24,b,WT:GacA_2:1,3,3,1,4,3333333.333,3333333.333,6.522878876,T1
95,24,c,WT:GacA_2:1,3,1,1,3,333333.3333,333333.3333,5.522880048,T1
95,24,c,WT:GacA_2:1,3,2,2,2,66666.66667,66666.66667,4.823915255,T1
95,24,c,WT:GacA_2:1,3,3,5,2,166666.6667,166666.6667,5.221851355,T1
96,24,d,WT:GacA_2:1,3,1,2,3,666666.6667,666666.6667,5.823909392,T1
96,24,d,WT:GacA_2:1,3,2,2,3,666666.6667,666666.6667,5.823909392,T1
96,24,d,WT:GacA_2:1,3,3,2,3,666666.6667,666666.6667,5.823909392,T1
97,25,a,PBS,4,1,0,,0,0,0,T1
97,25,a,PBS,4,2,0,,0,0,0,T1
97,25,a,PBS,4,3,0,,0,0,0,T1
98,25,b,PBS,4,1,0,,0,0,0,T1
98,25,b,PBS,4,2,0,,0,0,0,T1
98,25,b,PBS,4,3,0,,0,0,0,T1
99,25,c,PBS,4,1,0,,0,0,0,T1
99,25,c,PBS,4,2,0,,0,0,0,T1
99,25,c,PBS,4,3,0,,0,0,0,T1
100,25,d,PBS,4,1,0,,0,0,0,T1
100,25,d,PBS,4,2,0,,0,0,0,T1
100,25,d,PBS,4,3,0,,0,0,0,T1
101,26,a,W15.13_WT,4,1,4,3,1333333.333,1333333.333,6.124939062,T1
101,26,a,W15.13_WT,4,2,3,3,1000000,1000000,6.000000434,T1
101,26,a,W15.13_WT,4,3,3,3,1000000,1000000,6.000000434,T1
102,26,b,W15.13_WT,4,1,1,4,3333333.333,3333333.333,6.522878876,T1
102,26,b,W15.13_WT,4,2,1,4,3333333.333,3333333.333,6.522878876,T1
102,26,b,W15.13_WT,4,3,1,4,3333333.333,3333333.333,6.522878876,T1
103,26,c,W15.13_WT,4,1,8,2,266666.6667,266666.6667,5.425970361,T1
103,26,c,W15.13_WT,4,2,7,2,233333.3333,233333.3333,5.367978647,T1
103,26,c,W15.13_WT,4,3,4,2,133333.3333,133333.3333,5.124941994,T1
104,26,d,W15.13_WT,4,1,9,2,300000,300000,5.477122702,T1
104,26,d,W15.13_WT,4,2,4,2,133333.3333,133333.3333,5.124941994,T1
104,26,d,W15.13_WT,4,3,5,2,166666.6667,166666.6667,5.221851355,T1
105,27,a,W16.3_GacA?,4,1,1,3,333333.3333,333333.3333,5.522880048,T1
105,27,a,W16.3_GacA?,4,2,1,3,333333.3333,333333.3333,5.522880048,T1
105,27,a,W16.3_GacA?,4,3,1,3,333333.3333,333333.3333,5.522880048,T1
106,27,b,W16.3_GacA?,4,1,7,2,233333.3333,233333.3333,5.367978647,T1
106,27,b,W16.3_GacA?,4,2,4,2,133333.3333,133333.3333,5.124941994,T1
106,27,b,W16.3_GacA?,4,3,5,2,166666.6667,166666.6667,5.221851355,T1
107,27,c,W16.3_GacA?,4,1,12,2,400000,400000,5.602061077,T1
107,27,c,W16.3_GacA?,4,2,16,2,533333.3333,533333.3333,5.726999542,T1
107,27,c,W16.3_GacA?,4,3,15,2,500000,500000,5.698970873,T1
108,27,d,W16.3_GacA?,4,1,8,2,266666.6667,266666.6667,5.425970361,T1
108,27,d,W16.3_GacA?,4,2,6,2,200000,200000,5.301032167,T1
108,27,d,W16.3_GacA?,4,3,5,2,166666.6667,166666.6667,5.221851355,T1
109,28,a,W16.3_GacS?,4,1,2,2,66666.66667,66666.66667,4.823915255,T1
109,28,a,W16.3_GacS?,4,2,1,1,3333.333333,3333.333333,3.523009014,T1
109,28,a,W16.3_GacS?,4,3,1,1,3333.333333,3333.333333,3.523009014,T1
110,28,b,W16.3_GacS?,4,1,7,3,2333333.333,2333333.333,6.367976971,T1
110,28,b,W16.3_GacS?,4,2,3,3,1000000,1000000,6.000000434,T1
110,28,b,W16.3_GacS?,4,3,1,3,333333.3333,333333.3333,5.522880048,T1
111,28,c,W16.3_GacS?,4,1,4,3,1333333.333,1333333.333,6.124939062,T1
111,28,c,W16.3_GacS?,4,2,6,3,2000000,2000000,6.301030213,T1
111,28,c,W16.3_GacS?,4,3,7,3,2333333.333,2333333.333,6.367976971,T1
112,28,d,W16.3_GacS?,4,1,2,2,66666.66667,66666.66667,4.823915255,T1
112,28,d,W16.3_GacS?,4,2,2,2,66666.66667,66666.66667,4.823915255,T1
112,28,d,W16.3_GacS?,4,3,5,2,166666.6667,166666.6667,5.221851355,T1
113,29,a,W16.3_WT,4,1,2,5,66666666.67,66666666.67,7.823908747,T1
113,29,a,W16.3_WT,4,2,5,5,166666666.7,166666666.7,8.221848752,T1
113,29,a,W16.3_WT,4,3,2,5,66666666.67,66666666.67,7.823908747,T1
114,29,b,W16.3_WT,4,1,3,6,1000000000,1000000000,9,T1
114,29,b,W16.3_WT,4,2,2,6,666666666.7,666666666.7,8.823908742,T1
114,29,b,W16.3_WT,4,3,1,6,333333333.3,333333333.3,8.522878747,T1
115,29,c,W16.3_WT,4,1,2,6,666666666.7,666666666.7,8.823908742,T1
115,29,c,W16.3_WT,4,2,3,5,100000000,100000000,8.000000004,T1
115,29,c,W16.3_WT,4,3,2,5,66666666.67,66666666.67,7.823908747,T1
116,29,d,W16.3_WT,4,1,1,6,333333333.3,333333333.3,8.522878747,T1
116,29,d,W16.3_WT,4,2,1,6,333333333.3,333333333.3,8.522878747,T1
116,29,d,W16.3_WT,4,3,1,6,333333333.3,333333333.3,8.522878747,T1
117,30,a,W23.13_WT,4,1,,,0,0,0,T1
117,30,a,W23.13_WT,4,2,7,4,23333333.33,23333333.33,7.367976804,T1
117,30,a,W23.13_WT,4,3,5,4,16666666.67,16666666.67,7.221848776,T1
118,30,b,W23.13_WT,4,1,6,4,20000000,20000000,7.301030017,T1
118,30,b,W23.13_WT,4,2,7,4,23333333.33,23333333.33,7.367976804,T1
118,30,b,W23.13_WT,4,3,5,4,16666666.67,16666666.67,7.221848776,T1
119,30,c,W23.13_WT,4,1,14,3,4666666.667,4666666.667,6.669006874,T1
119,30,c,W23.13_WT,4,2,3,4,10000000,10000000,7.000000043,T1
119,30,c,W23.13_WT,4,3,5,4,16666666.67,16666666.67,7.221848776,T1
120,30,d,W23.13_WT,4,1,1,5,33333333.33,33333333.33,7.522878758,T1
120,30,d,W23.13_WT,4,2,1,5,33333333.33,33333333.33,7.522878758,T1
120,30,d,W23.13_WT,4,3,1,5,33333333.33,33333333.33,7.522878758,T1
121,31,a,WT:GacA_1:2,4,1,2,5,66666666.67,66666666.67,7.823908747,T1
121,31,a,WT:GacA_1:2,4,2,1,5,33333333.33,33333333.33,7.522878758,T1
121,31,a,WT:GacA_1:2,4,3,1,5,33333333.33,33333333.33,7.522878758,T1
122,31,b,WT:GacA_1:2,4,1,1,4,3333333.333,3333333.333,6.522878876,T1
122,31,b,WT:GacA_1:2,4,2,1,4,3333333.333,3333333.333,6.522878876,T1
122,31,b,WT:GacA_1:2,4,3,3,4,10000000,10000000,7.000000043,T1
123,31,c,WT:GacA_1:2,4,1,1,6,333333333.3,333333333.3,8.522878747,T1
123,31,c,WT:GacA_1:2,4,2,1,6,333333333.3,333333333.3,8.522878747,T1
123,31,c,WT:GacA_1:2,4,3,3,6,1000000000,1000000000,9,T1
124,31,d,WT:GacA_1:2,4,1,3,5,100000000,100000000,8.000000004,T1
124,31,d,WT:GacA_1:2,4,2,3,5,100000000,100000000,8.000000004,T1
124,31,d,WT:GacA_1:2,4,3,2,5,66666666.67,66666666.67,7.823908747,T1
125,32,a,WT:GacA_2:1,4,1,5,3,1666666.667,1666666.667,6.22184901,T1
125,32,a,WT:GacA_2:1,4,2,6,3,2000000,2000000,6.301030213,T1
125,32,a,WT:GacA_2:1,4,3,7,3,2333333.333,2333333.333,6.367976971,T1
126,32,b,WT:GacA_2:1,4,1,4,4,13333333.33,13333333.33,7.124938769,T1
126,32,b,WT:GacA_2:1,4,2,3,4,10000000,10000000,7.000000043,T1
126,32,b,WT:GacA_2:1,4,3,1,4,3333333.333,3333333.333,6.522878876,T1
127,32,c,WT:GacA_2:1,4,1,1,5,33333333.33,33333333.33,7.522878758,T1
127,32,c,WT:GacA_2:1,4,2,4,4,13333333.33,13333333.33,7.124938769,T1
127,32,c,WT:GacA_2:1,4,3,2,5,66666666.67,66666666.67,7.823908747,T1
128,32,d,WT:GacA_2:1,4,1,9,2,300000,300000,5.477122702,T1
128,32,d,WT:GacA_2:1,4,2,2,3,666666.6667,666666.6667,5.823909392,T1
128,32,d,WT:GacA_2:1,4,3,1,3,333333.3333,333333.3333,5.522880048,T1
,t33,a,PBS,5,1,,,,,0,T0
,t33,a,PBS,5,2,,,,,0,T0
,t33,a,PBS,5,3,,,,,0,T0
,t33,b,PBS,5,1,,,,,0,T0
,t33,b,PBS,5,2,,,,,0,T0
,t33,b,PBS,5,3,,,,,0,T0
,t33,c,PBS,5,1,,,,,0,T0
,t33,c,PBS,5,2,,,,,0,T0
,t33,c,PBS,5,3,,,,,0,T0
,t33,d,PBS,5,1,,,,,0,T0
,t33,d,PBS,5,2,,,,,0,T0
,t33,d,PBS,5,3,,,,,0,T0
,t34,a,W15.13_WT,5,1,,,,,5.367978647,T0
,t34,a,W15.13_WT,5,2,,,,,5.602061077,T0
,t34,a,W15.13_WT,5,3,,,,,5.564272615,T0
,t34,b,W15.13_WT,5,1,,,,,6.124939062,T0
,t34,b,W15.13_WT,5,2,,,,,6.367976971,T0
,t34,b,W15.13_WT,5,3,,,,,6.22184901,T0
,t34,c,W15.13_WT,5,1,,,,,6.301030213,T0
,t34,c,W15.13_WT,5,2,,,,,6.367976971,T0
,t34,c,W15.13_WT,5,3,,,,,6.301030213,T0
,t34,d,W15.13_WT,5,1,,,,,6.22184901,T0
,t34,d,W15.13_WT,5,2,,,,,6.22184901,T0
,t34,d,W15.13_WT,5,3,,,,,6.000000434,T0
,t35,a,W16.3_GacA?,5,1,,,,,5.823909392,T0
,t35,a,W16.3_GacA?,5,2,,,,,6.124939062,T0
,t35,a,W16.3_GacA?,5,3,,,,,6.522878876,T0
,t35,b,W16.3_GacA?,5,1,,,,,5.477122702,T0
,t35,b,W16.3_GacA?,5,2,,,,,5.367978647,T0
,t35,b,W16.3_GacA?,5,3,,,,,5.221851355,T0
,t35,c,W16.3_GacA?,5,1,,,,,6.367976971,T0
,t35,c,W16.3_GacA?,5,2,,,,,6.425968895,T0
,t35,c,W16.3_GacA?,5,3,,,,,6.22184901,T0
,t35,d,W16.3_GacA?,5,1,,,,,5.564272615,T0
,t35,d,W16.3_GacA?,5,2,,,,,5.522880048,T0
,t35,d,W16.3_GacA?,5,3,,,,,5.367978647,T0
,t36,a,W16.3_GacS?,5,1,,,,,6.124939062,T0
,t36,a,W16.3_GacS?,5,2,,,,,6.124939062,T0
,t36,a,W16.3_GacS?,5,3,,,,,6.124939062,T0
,t36,b,W16.3_GacS?,5,1,,,,,6.22184901,T0
,t36,b,W16.3_GacS?,5,2,,,,,5.823909392,T0
,t36,b,W16.3_GacS?,5,3,,,,,5.522880048,T0
,t36,c,W16.3_GacS?,5,1,,,,,5.823909392,T0
,t36,c,W16.3_GacS?,5,2,,,,,6.301030213,T0
,t36,c,W16.3_GacS?,5,3,,,,,6.000000434,T0
,t36,d,W16.3_GacS?,5,1,,,,,5.522880048,T0
,t36,d,W16.3_GacS?,5,2,,,,,5.6368231,T0
,t36,d,W16.3_GacS?,5,3,,,,,5.477122702,T0
,t37,a,W16.3_WT,5,1,,,,,5.564272615,T0
,t37,a,W16.3_WT,5,2,,,,,5.367978647,T0
,t37,a,W16.3_WT,5,3,,,,,5.823909392,T0
,t37,b,W16.3_WT,5,1,,,,,6.124939062,T0
,t37,b,W16.3_WT,5,2,,,,,6.000000434,T0
,t37,b,W16.3_WT,5,3,,,,,6.124939062,T0
,t37,c,W16.3_WT,5,1,,,,,6.367976971,T0
,t37,c,W16.3_WT,5,2,,,,,6.22184901,T0
,t37,c,W16.3_WT,5,3,,,,,6.22184901,T0
,t37,d,W16.3_WT,5,1,,,,,6.522878876,T0
,t37,d,W16.3_WT,5,2,,,,,6.823908806,T0
,t37,d,W16.3_WT,5,3,,,,,6.823908806,T0
,t38,a,W23.13_WT,5,1,,,,,5.522880048,T0
,t38,a,W23.13_WT,5,2,,,,,5.602061077,T0
,t38,a,W23.13_WT,5,3,,,,,5.669007712,T0
,t38,b,W23.13_WT,5,1,,,,,5.801633032,T0
,t38,b,W23.13_WT,5,2,,,,,5.753328433,T0
,t38,b,W23.13_WT,5,3,,,,,5.602061077,T0
,t38,c,W23.13_WT,5,1,,,,,5.753328433,T0
,t38,c,W23.13_WT,5,2,,,,,5.84509866,T0
,t38,c,W23.13_WT,5,3,,,,,5.865302018,T0
,t38,d,W23.13_WT,5,1,,,,,5.823909392,T0
,t38,d,W23.13_WT,5,2,,,,,5.698970873,T0
,t38,d,W23.13_WT,5,3,,,,,5.90309053,T0
,t39,a,WT:GacA_1:2,5,1,,,,,5.823909392,T0
,t39,a,WT:GacA_1:2,5,2,,,,,6.301030213,T0
,t39,a,WT:GacA_1:2,5,3,,,,,6.124939062,T0
,t39,b,WT:GacA_1:2,5,1,,,,,6.000000434,T0
,t39,b,WT:GacA_1:2,5,2,,,,,6.124939062,T0
,t39,b,WT:GacA_1:2,5,3,,,,,6.000000434,T0
,t39,c,WT:GacA_1:2,5,1,,,,,6.301030213,T0
,t39,c,WT:GacA_1:2,5,2,,,,,5.823909392,T0
,t39,c,WT:GacA_1:2,5,3,,,,,6.000000434,T0
,t39,d,WT:GacA_1:2,5,1,,,,,6.124939062,T0
,t39,d,WT:GacA_1:2,5,2,,,,,6.124939062,T0
,t39,d,WT:GacA_1:2,5,3,,,,,6.301030213,T0
,t40,a,WT:GacA_2:1,5,1,,,,,5.124941994,T0
,t40,a,WT:GacA_2:1,5,2,,,,,5.301032167,T0
,t40,a,WT:GacA_2:1,5,3,,,,,4.823915255,T0
,t40,b,WT:GacA_2:1,5,1,,,,,6.000000434,T0
,t40,b,WT:GacA_2:1,5,2,,,,,5.823909392,T0
,t40,b,WT:GacA_2:1,5,3,,,,,6.22184901,T0
,t40,c,WT:GacA_2:1,5,1,,,,,5.477122702,T0
,t40,c,WT:GacA_2:1,5,2,,,,,5.522880048,T0
,t40,c,WT:GacA_2:1,5,3,,,,,5.367978647,T0
,t40,d,WT:GacA_2:1,5,1,,,,,5.522880048,T0
,t40,d,WT:GacA_2:1,5,2,,,,,5.522880048,T0
,t40,d,WT:GacA_2:1,5,3,,,,,6.000000434,T0
